use ticketmaster;
## Add users
insert into ticketmaster.user (user_id, mobile_number, email, password, authenticator_id, is_verified) values 
(1, "06586616057", "david.zhu.2022@smu.edu.sg", "test123","001", 1),
(2, "06597873327", "ryan.yap.2022@smu.edu.sg", "test123", "002", 1),
(3, "06598231539", "jrteo.2022@smu.edu.sg", "test123", "002", 1),
(4, "06581996653", "clarissatoh.2022@smu.edu.sg", "test123", "003", 1),
(5, "06592366941", "benedictlee.2022@smu.edu.sg", "test123", "004", 1),
(6, "00000000001", "teo.junrui.jonathanedward3@gmail.com", "test123", "005", 0),
(7, "00000000002", "teo.junrui.jonathanedward4@gmail.com", "test123", "006", 0),
(8, "00000000003", "teo.junrui.jonathanedward5@gmail.com", "test123", "007", 0),
(9, "00000000004", "kaifengwoo3@gmail.com", "test123", "008", 0),
(10,"00000000005", "jialingng676@gmail.com", "test123", "009", 1),
(11,"00000000006", "fongzhengde03@gmail.com", "test123", "010", 1),
(12,"00000000007", "sharifahbintehairulllizam@gmail.com", "test123", "011", 1),
(13, "00000000008", "amandaxallen5@gmail.com", "test123", "012", 1);

# select * from ticketmaster.event;
# Add events
insert into ticketmaster.event (event_id, event_name, max_queueable, is_highlighted, description, poster_image_path) values
("tswift-era-2024", "Taylor Swift The Eras Tour", 3, 1, 
"The Eras Tour is the ongoing sixth concert tour by American singer-songwriter Taylor Swift, 
who described it as a journey through all of her musical \"eras\". A homage to her albums, 
the Eras Tour is her most expansive tour yet, 
with 146 dates across five continents. It is her second all-stadium tour after the 2018 Reputation Stadium Tour.", # 346 characters
"taylor-swift.png"),
("cplay-mots-2024", "Coldplay: Music of the Spheres Tour", 4, 1,
"Music of the Spheres (subtitled Vol I. From Earth with Love) is the ninth studio album by British rock band Coldplay, 
released on 15 October 2021 by Parlophone in the United Kingdom and Atlantic Records in the United States. It features guest appearances from Selena Gomez, 
We Are King, Jacob Collier and BTS, as well as returning contributions from electronic producer Jon Hopkins.",
"coldplay.jpg"),
("gnr-2023", "Guns N' Roses: The We're F'N' Back! Tour", 2, 0, 
"The We're F'N' Back! Tour is an ongoing concert tour by hard rock band Guns N' Roses.",
"guns_and_roses.jpg" ),
("anson-2023", "Anson Seabra: The Neverland Tour", 2, 0,
"An emotive singer/songwriter, Anson Seabra makes artfully crafted and philosophical, piano-driven pop. 
He emerged online in 2018 and garnered a strong social media fan base with songs like \"Broken\" and \"Emerald Eyes\". 
A Kansas City, Missouri native, Seabra started taking piano lessons at age six and played in school bands growing up. 
After high school, however, he pursued a computer science degree in college while continuing to write and record his own songs.",
"the-neverland-tour.jpg"
),
("twice-rtb-2023", "TWICE: Ready to Be", 3, 1, 
"Twice 5th World Tour \"Ready to Be\" is the third worldwide concert tour 
and the fifth overall concert headlined by South Korean girl group Twice, in support of their twelfth extended play Ready to Be. 
TWICE concert schedule 2023 includes multiple stops throughout the year, commencing with two nights at the KSPO Dome in Seoul on April 15 and 16. 
TWICE will continue their tour in May with shows in Sydney, Melbourne, Osaka, and Tokyo.",
"twice.jpg"),
("greenwich-2023", "Greenwich Comedy Festival", 1, 0,
"London's biggest comedy spectacular Greenwich Comedy Festival this year returns to the National Maritime Museum with stand-up's 
finest live in the Big Top, plus craft beers and street eats and more. This year the festival celebrates its 15th anniversary.
They're joined by the master of dry comedy Stewart Lee, the queen of ventriloquism Nina Conti, plus the likes of Fern Brady, 
Russell Kane, Tim Key, plus Netflix star Phil Wang and many more.",
"greenwich-2023.jpeg"),
("andrea-b-2023", "Andrea Bocelli: Stifel", 5, 1,
"Andrea Bocelli is one of the most recognizable voices in the world. For three decades, his lush arias and stylistic range 
have made him the bestselling classical solo artist in history (selling 90 million albums worldwide). The blind, Tuscany-born tenor's 
concerts are a testament to his range and crossover appeal,
where his 2020 \"Music for Hope\" Easter concert was viewed 28 million times worldwide within the first 24 hours.",
"andrea-bocelli.jpg"),
("enhypen-2023", "Enhypen: Fate", 3, 0,
"Enhypen is a South Korean boy band formed by Belift Lab, a former joint venture between CJ ENM and Hybe Corporation, through the 2020 survival competition show I-Land.
The group is composed of seven members: Heeseung, Jay, Jake, Sunghoon, Sunoo, Jungwon, and Ni-ki. They debuted on November 30, 2020, with the extended play",
"enhypen.jpeg"),
("ed-sheeran-2024", "Ed Sheeran: The Mathematics Tour", 3, 0,
"It's been a quick rise for soulful British singer/songwriter Ed Sheeran. He played his first club gig in New York City in early 2012, 
and by the summer of 2013 tickets for his first headlining concert at New York's Madison Garden sold out in just three minutes. His song \"The A Team\" was nominated for a \"Song of the Year\" Grammy, and his debut album, \"+,\" 
hit No. 5 on the US album chart. Sheeran's second album (2014) features famed producer Rick Rubin behind the board.",
"ed-sheeran-2023.jpg"
),
("pink-sc-2024", "P!INK: Summer Carnival", 2, 0,
"P!NK is one of pop music's most dynamic vocalists and stage performers. 
Since releasing her debut studio album Can't Take Me Home in 2000, the three-time Grammy Award-winning artist (born Alecia Beth Moore) has sold 60 million albums worldwide.
P!NK also cemented her status as a touring powerhouse when she wrapped 2018-19's Beautiful Trauma World Tour.",
"pink-sc-2024.jpg"
);

### Add countries of events
insert into event_countries (event_id, country) VALUES 
("tswift-era-2024", "Mexico"),
("tswift-era-2024", "Argentina"),
("tswift-era-2024", "Brazil"),
("tswift-era-2024", "Japan"),
("tswift-era-2024", "Australia"),
("tswift-era-2024", "Singapore"),
("tswift-era-2024", "France"),
("tswift-era-2024", "Sweden"),
("tswift-era-2024", "Portugal"),
("tswift-era-2024", "Spain"),
("cplay-mots-2024", "Tokyo"),
("cplay-mots-2024", "Kaohsiung City"),
("cplay-mots-2024", "Jakarta"),
("cplay-mots-2024", "Perth"),
("cplay-mots-2024", "Kuala Lumpur"),
("cplay-mots-2024", "Manila"),
("cplay-mots-2024", "Singapore"),
("cplay-mots-2024", "Bangkok"),
("gnr-2023", "North America"),
("gnr-2023", "Europe"),
("gnr-2023", "South America"),
("gnr-2023", "Asia"),
("gnr-2023", "Oceania"),
("anson-2023", "Taipei"),
("anson-2023", "Thailand"),
("anson-2023", "Singapore"),
("anson-2023", "Manila"),
("anson-2023", "Hong Kong"),
("anson-2023", "Paris"),
("twice-rtb-2023", "Asia"),
("twice-rtb-2023", "North America"),
("twice-rtb-2023", "Oceania"),
("twice-rtb-2023", "Europe"),
("twice-rtb-2023", "South America"),
("greenwich-2023", "United Kingdom"),
("andrea-b-2023", "North America"),
("andrea-b-2023", "South America"),
("enhypen-2023", "South Korea"),
("enhypen-2023", "Osaka"),
("enhypen-2023", "Tokyo"),
("enhypen-2023", "California"),
("enhypen-2023", "Texas"),
("enhypen-2023", "New Jersey"),
("enhypen-2023", "Illinois"),
("ed-sheeran-2024", "North America"),
("ed-sheeran-2024", "South America"),
("pink-sc-2024", "United States"),
("pink-sc-2024", "Germany"),
("pink-sc-2024", "Canada"),
("pink-sc-2024", "France"),
("pink-sc-2024", "Poland"),
("pink-sc-2024", "Netherlands"),
("pink-sc-2024", "Astria"),
("pink-sc-2024", "England"),
("pink-sc-2024", "Belgium");

## Add locations
insert into ticketmaster.location (location_id, location_name) values 
("argentina-erp", "Argentina - Estadio River Plate"),
("australia-mcg", "Australia - Melbourne Cricket Grounds"),
("australia-astm", "Australia - Accor Stadium"),
("australia-os", "Australia - Optus Stadium"),
("brazil-ens", "Brazil - Estadio Nilton Santos"),
("brazil-ap", "Brazil - Allianz Parque"),
("california-dhsp", "California - Dignity Health Sports Park"),
("california-dda", "California - Desert Diamond Arena"),
("france-plda", "Paris - Paris La Defense Arena"),
("france-gs", "France - Groupama Stadium"),
("illinois-uc", "Illinous - United Center"),
("indo-gbks", "Indonesia - Gelora Bung Karno Stadium"),
("ire-avstm", "Ireland - Aviva Stadium"),
("japan-kdo", "Japan - Kyocera Dome Osaka"),
("japan-tdo", "Japan - Tokyo Dome"),
("kaohsiung-nstm", "Kaohsiung - National Stadium"),
("manila-para", "Manila - Philippine Arena"),
("netherlands-jca", "Netherlands - Johan Cruijff Arena"),
("njersey-pc", "New Jersey - Prudential Center"),
("portugal-edl", "Portugal - Estadio Da Luz"),
("sweden-fa", "Sweden - Friends Arena"),
("spain-esb", "Spain - Estadio Santiago Bernabeu"),
("singapore-nstm", "Singapore - National Stadium"),
("singapore-tmcp", "Singapore - Theatre at mediacorp"),
("skorea-kpso", "South Korea - KSPO Dome"),
("texas-tc", "Texas - Toyota Center"),
("texas-aac", "Texas - American Airlines Center"),
("thailand-rnstm", "Thailand - Rajamangala National Stadium"),
("uk-nmm", "United Kingdom - National Maritime Museum"),
("uk-sgms", "United Kingdom - Scottish Gas Murrayfield Stadium"),
("uk-anstm", "United Kingdom - Anfield Stadium"),
("uk-pstm", "United Kingdom - Principality Stadium"),
("uk-wstm", "United Kingdom - Wembley Stadium");

## Add Venues
insert into ticketmaster.location_venue (location_id, venue_id) VALUES
("argentina-erp", "Main Event Area"),
("australia-mcg", "Main Event Area"),
("australia-astm", "Stadium 1"),
("australia-astm", "Stadium 2"),
("australia-astm", "Stadium 3"),
("australia-os", "Stadium 1"),
("australia-os", "Stadium 2"),
("australia-os", "Stadium 3"),
("brazil-ens", "Main Area"),
("brazil-ap", "Main Area" ),
("california-dhsp", "Zone A"),
("california-dhsp", "Zone B1"),
("california-dhsp", "Zone B2"),
("california-dhsp", "Zone C"),
("california-dda", "Arena 1"),
("california-dda", "Arena 2"),
("california-dda", "Arena 3"),
("france-plda", "Arena 1"),
("france-gs", "Main Event Area"),
("illinois-uc", "Theatre 1"),
("illinois-uc", "Theatre 2"),
("indo-gbks", "Main Event Area"),
("ire-avstm", "Main Event Area"),
("japan-kdo", "Main Event Area"),
("japan-tdo", "Main Event Area"),
("kaohsiung-nstm", "Main Event Area"),
("manila-para", "Arena 1"),
("manila-para", "Arena 2"),
("manila-para", "Arena 3"),
("manila-para", "Arena 4"),
("manila-para", "Arena 5"),
("netherlands-jca", "Arena 1"),
("njersey-pc", "Theatre 5A"),
("njersey-pc", "Theatre 5B"),
("njersey-pc", "Theatre 5C"),
("njersey-pc", "Theatre 5D"),
("portugal-edl", "Levels 1 and 2"),
("portugal-edl", "Levels 3 and 4"),
("sweden-fa", "Main Event Arena"),
("spain-esb", "Theatre 1"),
("singapore-nstm", "Main Event Arena"),
("singapore-tmcp", "Theatre 1A"),
("singapore-tmcp", "Theatre 1B"),
("singapore-tmcp", "Theatre 2A"),
("singapore-tmcp", "Theatre 2B"),
("skorea-kpso", "Main Event Area"),
("texas-tc", "Theatre 1"),
("texas-aac", "SkyHigh Theatre"),
("thailand-rnstm", "Main Event Area"),
("uk-nmm", "History Theatre 1"),
("uk-nmm", "History Theatre 2"),
("uk-sgms", "Main Event Area"),
("uk-anstm", "Main Event Area"),
("uk-pstm", "Main Event Area"),
("uk-wstm", "Stadium 1"),
("uk-wstm", "Stadium 2");

## Add data for shows
# 25 Taylor Swift Concerts, 20 Coldplay Concerts, 3 guns and roses, 0 anson, 5 twice concerts
# 4 greenwich comedy fest, 4 andrea, 4 enhypen, 7 ed-sheeran, 4 pink
insert into ticketmaster.show(event_id, show_id, show_datetime, entry_conditions_path, seating_plan_path, location_id, venue_id) values 
# Taylor Swift The Eras Tour Concerts 1 - 10
("tswift-era-2024", "2023-11-09", "2023-11-09 18:00:00", "https://www.ebilet.pl/media/cms/media/vxooxulf/taylor-swift-the-eras-tour-2024_08_1-3-terms-and-conditions-2023_07_11.pdf", "tswift-era-2024-1.png", "argentina-erp", "Main Event Area"),
("tswift-era-2024", "2023-11-10", "2023-11-10 18:00:00", "https://www.ebilet.pl/media/cms/media/vxooxulf/taylor-swift-the-eras-tour-2024_08_1-3-terms-and-conditions-2023_07_11.pdf", "tswift-era-2024-1.png", "argentina-erp", "Main Event Area"),
("tswift-era-2024", "2023-11-11", "2023-11-11 18:00:00", "https://www.ebilet.pl/media/cms/media/vxooxulf/taylor-swift-the-eras-tour-2024_08_1-3-terms-and-conditions-2023_07_11.pdf", "tswift-era-2024-1.png", "argentina-erp", "Main Event Area"),
("tswift-era-2024", "2023-11-17", "2023-11-17 18:00:00", "https://www.ebilet.pl/media/cms/media/vxooxulf/taylor-swift-the-eras-tour-2024_08_1-3-terms-and-conditions-2023_07_11.pdf", "tswift-era-2024-2.png", "brazil-ens", "Main Area"),
("tswift-era-2024", "2023-11-18", "2023-11-18 18:00:00", "https://www.ebilet.pl/media/cms/media/vxooxulf/taylor-swift-the-eras-tour-2024_08_1-3-terms-and-conditions-2023_07_11.pdf", "tswift-era-2024-2.png", "brazil-ens", "Main Area"),
("tswift-era-2024", "2023-11-19", "2023-11-19 18:00:00", "https://www.ebilet.pl/media/cms/media/vxooxulf/taylor-swift-the-eras-tour-2024_08_1-3-terms-and-conditions-2023_07_11.pdf", "tswift-era-2024-2.png", "brazil-ens", "Main Area"),
("tswift-era-2024", "2023-11-24", "2023-11-24 18:00:00", "https://www.ebilet.pl/media/cms/media/vxooxulf/taylor-swift-the-eras-tour-2024_08_1-3-terms-and-conditions-2023_07_11.pdf", "tswift-era-2024-3.png", "brazil-ap", "Main Area"),
("tswift-era-2024", "2024-02-07", "2024-02-07 18:00:00", "https://www.ebilet.pl/media/cms/media/vxooxulf/taylor-swift-the-eras-tour-2024_08_1-3-terms-and-conditions-2023_07_11.pdf", "tswift-era-2024-3.png", "brazil-ap", "Main Area"),
("tswift-era-2024", "2024-02-08", "2024-02-08 18:00:00", "https://www.ebilet.pl/media/cms/media/vxooxulf/taylor-swift-the-eras-tour-2024_08_1-3-terms-and-conditions-2023_07_11.pdf", "tswift-era-2024-4.png", "japan-tdo", "Main Event Area"),
("tswift-era-2024", "2024-02-09", "2024-02-09 18:00:00", "https://www.ebilet.pl/media/cms/media/vxooxulf/taylor-swift-the-eras-tour-2024_08_1-3-terms-and-conditions-2023_07_11.pdf", "tswift-era-2024-4.png", "japan-tdo", "Main Event Area"),
# Taylor Swift The Era Tour Concerts 11 - 20
("tswift-era-2024", "2024-02-16", "2024-02-16 18:00:00", "https://www.ebilet.pl/media/cms/media/vxooxulf/taylor-swift-the-eras-tour-2024_08_1-3-terms-and-conditions-2023_07_11.pdf", "tswift-era-2024-1.png", "australia-mcg", "Main Event Area"),
("tswift-era-2024", "2024-02-17", "2024-02-17 18:00:00", "https://www.ebilet.pl/media/cms/media/vxooxulf/taylor-swift-the-eras-tour-2024_08_1-3-terms-and-conditions-2023_07_11.pdf", "tswift-era-2024-1.png", "australia-mcg", "Main Event Area"),
("tswift-era-2024", "2024-02-18", "2024-02-18 18:00:00", "https://www.ebilet.pl/media/cms/media/vxooxulf/taylor-swift-the-eras-tour-2024_08_1-3-terms-and-conditions-2023_07_11.pdf", "tswift-era-2024-1.png", "australia-mcg", "Main Event Area"),
("tswift-era-2024", "2024-02-23", "2024-02-23 18:00:00", "https://www.ebilet.pl/media/cms/media/vxooxulf/taylor-swift-the-eras-tour-2024_08_1-3-terms-and-conditions-2023_07_11.pdf", "tswift-era-2024-5.jpg", "australia-astm", "Stadium 1"),
("tswift-era-2024", "2024-02-24", "2024-02-24 18:00:00", "https://www.ebilet.pl/media/cms/media/vxooxulf/taylor-swift-the-eras-tour-2024_08_1-3-terms-and-conditions-2023_07_11.pdf", "tswift-era-2024-5.jpg", "australia-astm", "Stadium 2"),
("tswift-era-2024", "2024-02-25", "2024-02-25 18:00:00", "https://www.ebilet.pl/media/cms/media/vxooxulf/taylor-swift-the-eras-tour-2024_08_1-3-terms-and-conditions-2023_07_11.pdf", "tswift-era-2024-5.jpg", "australia-astm", "Stadium 2"),
("tswift-era-2024", "2024-03-02", "2024-03-02 18:00:00", "https://www.sportshub.com.sg/sites/default/files/2022-12/Conditions-of-Entry-NST.pdf", "tswift-era-2024-6.jpg", "singapore-nstm", "Main Event Arena"),
("tswift-era-2024", "2024-03-03", "2024-03-03 18:00:00", "https://www.sportshub.com.sg/sites/default/files/2022-12/Conditions-of-Entry-NST.pdf", "tswift-era-2024-6.jpg", "singapore-nstm", "Main Event Arena"),
("tswift-era-2024", "2024-03-04", "2024-03-04 18:00:00", "https://www.sportshub.com.sg/sites/default/files/2022-12/Conditions-of-Entry-NST.pdf", "tswift-era-2024-6.jpg", "singapore-nstm", "Main Event Arena"),
("tswift-era-2024", "2024-03-07", "2024-03-07 18:00:00", "https://www.sportshub.com.sg/sites/default/files/2022-12/Conditions-of-Entry-NST.pdf", "tswift-era-2024-6.jpg", "singapore-nstm", "Main Event Arena"),
# Taylor Swift The Era Tour Concerts 21 - 25
("tswift-era-2024", "2024-03-08", "2024-03-08 18:00:00", "https://www.sportshub.com.sg/sites/default/files/2022-12/Conditions-of-Entry-NST.pdf", "tswift-era-2024-6.jpg", "singapore-nstm", "Main Event Arena"),
("tswift-era-2024", "2024-03-09", "2024-03-09 18:00:00", "https://www.sportshub.com.sg/sites/default/files/2022-12/Conditions-of-Entry-NST.pdf", "tswift-era-2024-6.jpg", "singapore-nstm", "Main Event Arena"),
("tswift-era-2024", "2024-05-09", "2024-05-09 18:00:00", "https://www.ebilet.pl/media/cms/media/vxooxulf/taylor-swift-the-eras-tour-2024_08_1-3-terms-and-conditions-2023_07_11.pdf", "tswift-era-2024-3.png", "france-plda", "Arena 1"),
("tswift-era-2024", "2024-05-10", "2024-05-10 18:00:00", "https://www.ebilet.pl/media/cms/media/vxooxulf/taylor-swift-the-eras-tour-2024_08_1-3-terms-and-conditions-2023_07_11.pdf", "tswift-era-2024-3.png", "france-plda", "Arena 1"),
("tswift-era-2024", "2024-05-11", "2024-05-11 18:00:00", "https://www.ebilet.pl/media/cms/media/vxooxulf/taylor-swift-the-eras-tour-2024_08_1-3-terms-and-conditions-2023_07_11.pdf", "tswift-era-2024-3.png", "france-plda", "Arena 1"),
# Coldplay Music of The Spheres Concerts 1 - 10
("cplay-mots-2024", "2023-11-06", "2023-11-06 18:45:00", "cplay-mots-2024.png", "cplay-mots-2024-1.jpg", "japan-tdo", "Main Event Area"),
("cplay-mots-2024", "2023-11-07", "2023-11-07 18:45:00", "cplay-mots-2024.png", "cplay-mots-2024-1.jpg", "japan-tdo", "Main Event Area"),
("cplay-mots-2024", "2023-11-11", "2023-11-11 18:45:00", "cplay-mots-2024.png", "cplay-mots-2024-2.jpg", "kaohsiung-nstm", "Main Event Area"),
("cplay-mots-2024", "2023-11-12", "2023-11-12 18:45:00", "cplay-mots-2024.png", "cplay-mots-2024-2.jpg", "kaohsiung-nstm", "Main Event Area"),
("cplay-mots-2024", "2023-11-15", "2023-11-15 18:45:00", "cplay-mots-2024.png", "cplay-mots-2024-3.png", "indo-gbks", "Main Event Area"),
("cplay-mots-2024", "2023-11-18", "2023-11-18 18:45:00", "cplay-mots-2024.png", "cplay-mots-2024-3.png", "australia-os", "Stadium 3"),
("cplay-mots-2024", "2023-11-19", "2023-11-19 18:45:00", "cplay-mots-2024.png", "cplay-mots-2024-3.png", "australia-os", "Stadium 1"),
("cplay-mots-2024", "2024-01-19", "2024-01-19 18:45:00", "cplay-mots-2024.png", "cplay-mots-2024-3.png", "manila-para", "Arena 3"),
("cplay-mots-2024", "2024-01-20", "2024-01-20 18:45:00", "cplay-mots-2024.png", "cplay-mots-2024-3.png", "manila-para", "Arena 5"),
("cplay-mots-2024", "2024-01-21", "2024-01-21 18:45:00", "cplay-mots-2024.png", "cplay-mots-2024-3.png", "manila-para", "Arena 3"),
# Coldplay Music of the Spheres Concerts 11 - 18
("cplay-mots-2024", "2024-01-23", "2024-01-23 18:45:00", "cplay-mots-2024.png", "cplay-mots-2024-4.png", "singapore-nstm", "Main Event Arena"),
("cplay-mots-2024", "2024-01-24", "2024-01-24 18:45:00", "cplay-mots-2024.png", "cplay-mots-2024-4.png", "singapore-nstm", "Main Event Arena"),
("cplay-mots-2024", "2024-01-26", "2024-01-26 18:45:00", "cplay-mots-2024.png", "cplay-mots-2024-4.png", "singapore-nstm", "Main Event Arena"),
("cplay-mots-2024", "2024-01-27", "2024-01-27 18:45:00", "cplay-mots-2024.png", "cplay-mots-2024-4.png", "singapore-nstm", "Main Event Arena"),
("cplay-mots-2024", "2024-01-30", "2024-01-30 18:45:00", "cplay-mots-2024.png", "cplay-mots-2024-4.png", "singapore-nstm", "Main Event Arena"),
("cplay-mots-2024", "2024-01-31", "2024-01-31 18:45:00", "cplay-mots-2024.png", "cplay-mots-2024-4.png", "singapore-nstm", "Main Event Arena"),
("cplay-mots-2024", "2024-02-03", "2024-02-03 18:45:00", "cplay-mots-2024.png", "cplay-mots-2024-5.jpg", "thailand-rnstm", "Main Event Area"),
("cplay-mots-2024", "2024-02-04", "2024-02-04 18:45:00", "cplay-mots-2024.png", "cplay-mots-2024-5.jpg", "thailand-rnstm", "Main Event Area"),
# Guns and Roses Concerts 1 to 3
('gnr-2023', "2023-11-27", "2023-11-27 17:45:00", "", "gnr-2023-1.png", "california-dda", "Arena 3"),
('gnr-2023', "2023-12-01", "2023-12-01 17:45:00", "", "gnr-2023-1.png", "texas-aac", "SkyHigh Theatre"),
('gnr-2023', "2023-12-05", "2023-12-05 17:45:00", "", "gnr-2023-1.png", "illinois-uc", "Theatre 1"),
# Twice Concert 1 - 5 (Note that this one has 3 expired events and 2 events upcoming in Feb 2024). This also has less events than the max queueable.
('twice-rtb-2023', "2023-04-15", "2023-04-15 20:30:00", "", "twice-rtb-2.png", "skorea-kpso", "Main Event Area"),
('twice-rtb-2023', "2023-04-16", "2023-04-16 20:30:00", "", "twice-rtb-2.png", "skorea-kpso", "Main Event Area"),
('twice-rtb-2023', "2023-09-02", "2023-09-02 18:00:00", "https://www.sportshub.com.sg/sites/default/files/2022-12/Conditions-of-Entry-NST.pdf", "twice-rtb-2.jpg", "singapore-nstm", "Main Event Arena"),
('twice-rtb-2023', "2024-02-06", "2024-02-06 18:00:00", "", "twice-rtb-1.png", "brazil-ap", "Main Area"),
('twice-rtb-2023', "2024-02-07", "2024-02-07 18:00:00", "", "twice-rtb-1.png", "brazil-ap", "Main Area"),
# Anson Seabra ---> No Concerts
# Andrea Bocelli --> 2 concerts
("andrea-b-2023", "2023-12-13", "2023-12-13 20:00:00", "", "andrea-b-2023-1.jpg", "uk-nmm", "History Theatre 1"),
("andrea-b-2023", "2023-12-16", "2023-12-16 20:00:00", "", "andrea-b-2023-1.png", "texas-tc", "Theatre 1"),
# Greenwich Fest (4 events --> Only held at 1 location)
("greenwich-2023", "2023-12-21", "2023-12-21 19:00:00", "", "greenwich-2023-1.jpg", "uk-nmm", "History Theatre 1"),
("greenwich-2023", "2023-12-22", "2023-12-22 19:00:00", "", "greenwich-2023-1.jpg", "uk-nmm", "History Theatre 2"),
("greenwich-2023", "2023-12-23", "2023-12-23 19:00:00", "", "greenwich-2023-1.jpg", "uk-nmm", "History Theatre 2"),
("greenwich-2023", "2023-12-24", "2023-12-24 19:00:00", "", "greenwich-2023-1.jpg", "uk-nmm", "History Theatre 2"),
# Enhypen (4 events)
("enhypen-2023", "2023-12-14", "2023-12-14 19:30:00", "", "enhypen-2023-1.jpg", "texas-aac", "SkyHigh Theatre"),
("enhypen-2023", "2023-12-18", "2023-12-18 19:30:00", "", "enhypen-2023-2.jpg", "njersey-pc", "Theatre 5B"),
("enhypen-2023", "2023-12-19", "2023-12-19 19:30:00", "", "enhypen-2023-2.jpg", "njersey-pc", "Theatre 5B"),
("enhypen-2023", "2023-12-22", "2023-12-22 19:30:00", "", "enhypen-2023-1.jpg", "illinois-uc", "Theatre 2"),
# Pink concert (4 events)
("pink-sc-2024", "2024-02-13", "2024-02-13 20:00:00", "", "pink-sc-2024-1.jpg", "california-dda", "Arena 1"),
("pink-sc-2024", "2024-02-20", "2024-02-20 20:00:00", "", "pink-sc-2024-1.jpg", "california-dda", "Arena 1"),
("pink-sc-2024", "2024-03-01", "2024-03-01 16:00:00", "", "pink-sc-2024-2.jpg", "australia-os", "Stadium 2"),
("pink-sc-2024", "2024-03-02", "2024-03-02 16:00:00", "", "pink-sc-2024-2.jpg", "australia-os", "Stadium 2"),
# Ed Sheeran (1 event) (max-queueable > num concerts)
("ed-sheeran-2024", "2024-05-01", "2024-05-01 17:00:00", "", "ed-sheeran-2024-1.png", "ire-avstm", "Main Event Area") ;

select * from ticketmaster.show;